firstName,lastName,numMonthsSinceContact,emailAddress
Youngmin,Jeong,0,youngmin.jeong@netapp.com
Wayne,Radochonski,0,wayne.radochonski@yahoo.com
Joe,Averbukh,0,joeaverbukh@gmail.com
Ben,Livingston,0,ben.livingston@gmail.com
Nate,Joseph,0,natejoseph@gmail.com
Doug,Bates,6,dcbates@me.com
Dan,Stone,3,dstone@bowdoin.edu
Rich,Maggiotto,9,maggiottor@gmail.com
Bob,Funk,22,RCFunk@aol.com
Ray,Archibald,0,raymond.archibald1@gmail.com 